text,category
software developer resume,Resume
professional resume document 2024,Resume
important tax invoice,Invoice
service invoice pdf,Invoice
data structures study material 2024,Study
service invoice pdf,Invoice
final general information document,GeneralDocument
purchase invoice 2024,Invoice
bank account statement,Finance
software developer resume 2024,Resume
profit and loss statement,Finance
annual financial summary 2024,Finance
professional resume document pdf,Resume
bank transaction report version 2,Finance
graduate resume profile 2024,Resume
important curriculum vitae for internship,Resume
final investment report,Finance
mathematics practice notes,Study
account balance report 2024,Finance
company report document pdf,GeneralDocument
purchase invoice 2024,Invoice
curriculum vitae for internship 2024,Resume
bank account statement 2024,Finance
user manual document 2024,GeneralDocument
study guide document version 2,Study
general information document,GeneralDocument
important service invoice,Invoice
report summary document pdf,GeneralDocument
graduate resume profile 2024,Resume
invoice for payment pdf,Invoice
bank transaction report pdf,Finance
profit and loss statement version 2,Finance
university assignment notes pdf,Study
salary payment record version 2,Finance
order invoice details version 2,Invoice
lecture notes on machine learning,Study
important official letter document,GeneralDocument
service invoice,Invoice
important expense report,Finance
order invoice details pdf,Invoice
professional resume document version 2,Resume
important user manual document,GeneralDocument
graduate resume profile 2024,Resume
customer billing invoice version 2,Invoice
graduate resume profile,Resume
project documentation file 2024,GeneralDocument
annual financial summary version 2,Finance
annual financial summary,Finance
technical documentation version 2,GeneralDocument
study guide document 2024,Study
final report summary document,GeneralDocument
final university assignment notes,Study
final resume for software engineer,Resume
important data structures study material,Study
important resume for software engineer,Resume
final profit and loss statement,Finance
important graduate resume profile,Resume
chemistry revision notes version 2,Study
study guide document 2024,Study
personal CV document 2024,Resume
service invoice version 2,Invoice
professional resume document 2024,Resume
data analyst resume 2024,Resume
company report document 2024,GeneralDocument
company report document pdf,GeneralDocument
data analyst resume 2024,Resume
final bank account statement,Finance
final curriculum vitae for internship,Resume
general information document pdf,GeneralDocument
report summary document,GeneralDocument
policy document file version 2,GeneralDocument
important personal CV document,Resume
report summary document,GeneralDocument
invoice for payment pdf,Invoice
biology study notes,Study
important meeting notes document,GeneralDocument
product purchase invoice,Invoice
research paper document version 2,GeneralDocument
report summary document 2024,GeneralDocument
important university assignment notes,Study
final web developer resume,Resume
final physics class notes,Study
final mathematics practice notes,Study
data structures study material,Study
important order invoice details,Invoice
curriculum vitae for internship version 2,Resume
important billing statement for order,Invoice
salary payment record 2024,Finance
professional resume document pdf,Resume
monthly invoice statement 2024,Invoice
bank transaction report,Finance
data structures study material pdf,Study
student resume for internship version 2,Resume
meeting notes document pdf,GeneralDocument
final curriculum vitae for internship,Resume
investment report version 2,Finance
important bank transaction report,Finance
important study guide document,Study
profit and loss statement 2024,Finance
bank account statement version 2,Finance
computer science lecture notes 2024,Study
software developer resume version 2,Resume
official letter document 2024,GeneralDocument
final chemistry revision notes,Study
final policy document file,GeneralDocument
final resume for software engineer,Resume
student resume for internship,Resume
customer billing invoice version 2,Invoice
important monthly invoice statement,Invoice
product purchase invoice 2024,Invoice
customer billing invoice pdf,Invoice
policy document file 2024,GeneralDocument
important company report document,GeneralDocument
biology study notes pdf,Study
invoice for payment version 2,Invoice
important resume for software engineer,Resume
billing statement for order version 2,Invoice
job application resume 2024,Resume
important monthly invoice statement,Invoice
important university assignment notes,Study
customer billing invoice pdf,Invoice
important account balance report,Finance
final research paper document,GeneralDocument
technical documentation version 2,GeneralDocument
tax invoice 2024,Invoice
final customer billing invoice,Invoice
student resume for internship version 2,Resume
final account balance report,Finance
order invoice details,Invoice
billing statement for order pdf,Invoice
final bank transaction report,Finance
expense report 2024,Finance
technical documentation,GeneralDocument
software developer resume,Resume
billing statement for order version 2,Invoice
invoice for payment 2024,Invoice
graduate resume profile pdf,Resume
payment receipt invoice 2024,Invoice
final mathematics practice notes,Study
annual financial summary version 2,Finance
computer science lecture notes,Study
study guide document,Study
general information document pdf,GeneralDocument
final web developer resume,Resume
meeting notes document,GeneralDocument
artificial intelligence lecture notes 2024,Study
final biology study notes,Study
customer billing invoice,Invoice
important bank transaction report,Finance
biology study notes,Study
financial statement report pdf,Finance
bank transaction report pdf,Finance
data analyst resume pdf,Resume
personal CV document 2024,Resume
web developer resume,Resume
tax payment record,Finance
general information document pdf,GeneralDocument
general information document 2024,GeneralDocument
data structures study material pdf,Study
resume for software engineer pdf,Resume
professional resume document,Resume
biology study notes,Study
important biology study notes,Study
final order invoice details,Invoice
important professional resume document,Resume
important account balance report,Finance
annual financial summary,Finance
important report summary document,GeneralDocument
general information document 2024,GeneralDocument
important annual financial summary,Finance
customer billing invoice pdf,Invoice
final lecture notes on machine learning,Study
important invoice for payment,Invoice
research paper document version 2,GeneralDocument
project documentation file pdf,GeneralDocument
tax payment record 2024,Finance
final artificial intelligence lecture notes,Study
profit and loss statement pdf,Finance
bank transaction report version 2,Finance
service invoice,Invoice
bank account statement version 2,Finance
physics class notes version 2,Study
payment receipt invoice 2024,Invoice
important account balance report,Finance
professional resume document 2024,Resume
user manual document 2024,GeneralDocument
important graduate resume profile,Resume
monthly invoice statement,Invoice
personal CV document 2024,Resume
final company report document,GeneralDocument
purchase invoice version 2,Invoice
important report summary document,GeneralDocument
profit and loss statement pdf,Finance
purchase invoice pdf,Invoice
expense report 2024,Finance
user manual document version 2,GeneralDocument
final customer billing invoice,Invoice
personal CV document 2024,Resume
final purchase invoice,Invoice
final account balance report,Finance
important artificial intelligence lecture notes,Study
company report document,GeneralDocument
important data analyst resume,Resume
general information document pdf,GeneralDocument
customer billing invoice pdf,Invoice
important mathematics practice notes,Study
tax payment record 2024,Finance
order invoice details,Invoice
tax invoice 2024,Invoice
study guide document pdf,Study
monthly invoice statement version 2,Invoice
meeting notes document pdf,GeneralDocument
research paper document 2024,GeneralDocument
biology study notes,Study
university assignment notes,Study
important meeting notes document,GeneralDocument
expense report,Finance
important bank transaction report,Finance
user manual document pdf,GeneralDocument
official letter document 2024,GeneralDocument
invoice for payment 2024,Invoice
technical documentation version 2,GeneralDocument
expense report 2024,Finance
expense report,Finance
expense report version 2,Finance
service invoice,Invoice
report summary document version 2,GeneralDocument
important job application resume,Resume
official letter document pdf,GeneralDocument
official letter document 2024,GeneralDocument
salary payment record pdf,Finance
investment report pdf,Finance
important billing statement for order,Invoice
policy document file pdf,GeneralDocument
important customer billing invoice,Invoice
product purchase invoice,Invoice
important meeting notes document,GeneralDocument
final data analyst resume,Resume
company report document,GeneralDocument
account balance report,Finance
mathematics practice notes,Study
research paper document version 2,GeneralDocument
monthly invoice statement version 2,Invoice
job application resume pdf,Resume
study guide document pdf,Study
important job application resume,Resume
policy document file version 2,GeneralDocument
general information document pdf,GeneralDocument
policy document file pdf,GeneralDocument
purchase invoice,Invoice
important graduate resume profile,Resume
purchase invoice version 2,Invoice
bank account statement version 2,Finance
final graduate resume profile,Resume
expense report 2024,Finance
report summary document pdf,GeneralDocument
final general information document,GeneralDocument
final data analyst resume,Resume
expense report version 2,Finance
tax payment record version 2,Finance
artificial intelligence lecture notes 2024,Study
artificial intelligence lecture notes pdf,Study
biology study notes version 2,Study
bank transaction report pdf,Finance
user manual document version 2,GeneralDocument
invoice for payment version 2,Invoice
computer science lecture notes,Study
account balance report pdf,Finance
curriculum vitae for internship 2024,Resume
final tax invoice,Invoice
technical documentation 2024,GeneralDocument
monthly invoice statement version 2,Invoice
data structures study material,Study
important web developer resume,Resume
university assignment notes version 2,Study
graduate resume profile,Resume
official letter document version 2,GeneralDocument
order invoice details,Invoice
final report summary document,GeneralDocument
data structures study material pdf,Study
data structures study material 2024,Study
final research paper document,GeneralDocument
job application resume version 2,Resume
personal CV document version 2,Resume
final bank account statement,Finance
final general information document,GeneralDocument
purchase invoice pdf,Invoice
final official letter document,GeneralDocument
final bank transaction report,Finance
user manual document version 2,GeneralDocument
investment report version 2,Finance
investment report 2024,Finance
university assignment notes,Study
data structures study material version 2,Study
final tax invoice,Invoice
final software developer resume,Resume
financial statement report version 2,Finance
purchase invoice version 2,Invoice
artificial intelligence lecture notes 2024,Study
company report document,GeneralDocument
purchase invoice pdf,Invoice
important university assignment notes,Study
final curriculum vitae for internship,Resume
research paper document version 2,GeneralDocument
important resume for software engineer,Resume
job application resume 2024,Resume
final artificial intelligence lecture notes,Study
important data structures study material,Study
final lecture notes on machine learning,Study
customer billing invoice,Invoice
profit and loss statement,Finance
final company report document,GeneralDocument
physics class notes 2024,Study
tax invoice 2024,Invoice
final service invoice,Invoice
tax invoice pdf,Invoice
technical documentation version 2,GeneralDocument
software developer resume 2024,Resume
order invoice details,Invoice
final chemistry revision notes,Study
final bank transaction report,Finance
professional resume document pdf,Resume
investment report 2024,Finance
customer billing invoice pdf,Invoice
software developer resume 2024,Resume
biology study notes 2024,Study
job application resume pdf,Resume
payment receipt invoice 2024,Invoice
university assignment notes,Study
important software developer resume,Resume
important personal CV document,Resume
mathematics practice notes 2024,Study
company report document,GeneralDocument
financial statement report,Finance
bank transaction report pdf,Finance
research paper document version 2,GeneralDocument
final investment report,Finance
important curriculum vitae for internship,Resume
report summary document pdf,GeneralDocument
lecture notes on machine learning,Study
professional resume document 2024,Resume
final billing statement for order,Invoice
important user manual document,GeneralDocument
resume for software engineer 2024,Resume
curriculum vitae for internship 2024,Resume
important bank transaction report,Finance
tax invoice pdf,Invoice
final physics class notes,Study
final billing statement for order,Invoice
mathematics practice notes pdf,Study
personal CV document,Resume
product purchase invoice 2024,Invoice
final product purchase invoice,Invoice
important user manual document,GeneralDocument
final research paper document,GeneralDocument
purchase invoice version 2,Invoice
web developer resume pdf,Resume
expense report 2024,Finance
web developer resume 2024,Resume
physics class notes 2024,Study
final salary payment record,Finance
general information document pdf,GeneralDocument
user manual document,GeneralDocument
university assignment notes 2024,Study
final lecture notes on machine learning,Study
important graduate resume profile,Resume
official letter document version 2,GeneralDocument
financial statement report pdf,Finance
important payment receipt invoice,Invoice
chemistry revision notes,Study
final web developer resume,Resume
university assignment notes pdf,Study
final invoice for payment,Invoice
tax payment record version 2,Finance
research paper document,GeneralDocument
bank account statement 2024,Finance
important policy document file,GeneralDocument
account balance report 2024,Finance
final student resume for internship,Resume
final investment report,Finance
data structures study material pdf,Study
lecture notes on machine learning pdf,Study
order invoice details,Invoice
payment receipt invoice,Invoice
final job application resume,Resume
important software developer resume,Resume
graduate resume profile,Resume
product purchase invoice 2024,Invoice
computer science lecture notes pdf,Study
final student resume for internship,Resume
annual financial summary version 2,Finance
important expense report,Finance
bank transaction report,Finance
chemistry revision notes,Study
web developer resume pdf,Resume
company report document pdf,GeneralDocument
lecture notes on machine learning 2024,Study
policy document file pdf,GeneralDocument
investment report pdf,Finance
financial statement report pdf,Finance
university assignment notes,Study
final student resume for internship,Resume
important research paper document,GeneralDocument
company report document pdf,GeneralDocument
final financial statement report,Finance
mathematics practice notes,Study
service invoice,Invoice
important service invoice,Invoice
important bank transaction report,Finance
invoice for payment,Invoice
lecture notes on machine learning,Study
computer science lecture notes,Study
financial statement report pdf,Finance
job application resume pdf,Resume
final professional resume document,Resume
bank transaction report,Finance
research paper document 2024,GeneralDocument
research paper document pdf,GeneralDocument
final professional resume document,Resume
important account balance report,Finance
web developer resume pdf,Resume
physics class notes version 2,Study
billing statement for order 2024,Invoice
data structures study material pdf,Study
profit and loss statement,Finance
monthly invoice statement pdf,Invoice
final study guide document,Study
final personal CV document,Resume
final order invoice details,Invoice
biology study notes 2024,Study
university assignment notes,Study
important user manual document,GeneralDocument
final billing statement for order,Invoice
account balance report version 2,Finance
company report document version 2,GeneralDocument
technical documentation 2024,GeneralDocument
lecture notes on machine learning 2024,Study
final artificial intelligence lecture notes,Study
job application resume version 2,Resume
artificial intelligence lecture notes,Study
account balance report 2024,Finance
profit and loss statement version 2,Finance
final data analyst resume,Resume
customer billing invoice pdf,Invoice
important data analyst resume,Resume
university assignment notes,Study
important company report document,GeneralDocument
investment report 2024,Finance
artificial intelligence lecture notes,Study
monthly invoice statement 2024,Invoice
report summary document 2024,GeneralDocument
financial statement report pdf,Finance
biology study notes pdf,Study
important tax payment record,Finance
resume for software engineer pdf,Resume
important university assignment notes,Study
important web developer resume,Resume
artificial intelligence lecture notes 2024,Study
investment report version 2,Finance
salary payment record,Finance
purchase invoice version 2,Invoice
official letter document,GeneralDocument
final report summary document,GeneralDocument
final software developer resume,Resume
annual financial summary,Finance
final tax invoice,Invoice
project documentation file 2024,GeneralDocument
important project documentation file,GeneralDocument
computer science lecture notes 2024,Study
final data structures study material,Study
project documentation file,GeneralDocument
product purchase invoice pdf,Invoice
important data structures study material,Study
company report document version 2,GeneralDocument
bank account statement pdf,Finance
final salary payment record,Finance
annual financial summary pdf,Finance
software developer resume 2024,Resume
final student resume for internship,Resume
user manual document 2024,GeneralDocument
biology study notes 2024,Study
artificial intelligence lecture notes 2024,Study
university assignment notes,Study
salary payment record 2024,Finance
final user manual document,GeneralDocument
general information document,GeneralDocument
final research paper document,GeneralDocument
physics class notes,Study
bank transaction report version 2,Finance
mathematics practice notes version 2,Study
profit and loss statement pdf,Finance
important invoice for payment,Invoice
physics class notes version 2,Study
financial statement report 2024,Finance
data analyst resume 2024,Resume
policy document file,GeneralDocument
important lecture notes on machine learning,Study
financial statement report,Finance
final tax payment record,Finance
curriculum vitae for internship pdf,Resume
important computer science lecture notes,Study
official letter document version 2,GeneralDocument
order invoice details version 2,Invoice
final resume for software engineer,Resume
important user manual document,GeneralDocument
resume for software engineer,Resume
monthly invoice statement,Invoice
artificial intelligence lecture notes,Study
chemistry revision notes,Study
data analyst resume version 2,Resume
chemistry revision notes 2024,Study
profit and loss statement 2024,Finance
resume for software engineer pdf,Resume
final project documentation file,GeneralDocument
customer billing invoice 2024,Invoice
final job application resume,Resume
curriculum vitae for internship pdf,Resume
graduate resume profile,Resume
software developer resume 2024,Resume
profit and loss statement,Finance
final job application resume,Resume
study guide document 2024,Study
final order invoice details,Invoice
lecture notes on machine learning version 2,Study
final artificial intelligence lecture notes,Study
invoice for payment 2024,Invoice
meeting notes document 2024,GeneralDocument
final biology study notes,Study
resume for software engineer pdf,Resume
payment receipt invoice version 2,Invoice
chemistry revision notes pdf,Study
final annual financial summary,Finance
final payment receipt invoice,Invoice
important bank account statement,Finance
bank transaction report 2024,Finance
technical documentation version 2,GeneralDocument
final research paper document,GeneralDocument
tax payment record version 2,Finance
important technical documentation,GeneralDocument
bank account statement version 2,Finance
annual financial summary version 2,Finance
resume for software engineer,Resume
final resume for software engineer,Resume
graduate resume profile pdf,Resume
lecture notes on machine learning pdf,Study
user manual document pdf,GeneralDocument
user manual document 2024,GeneralDocument
important official letter document,GeneralDocument
bank transaction report version 2,Finance
account balance report pdf,Finance
important bank account statement,Finance
computer science lecture notes 2024,Study
project documentation file pdf,GeneralDocument
artificial intelligence lecture notes version 2,Study
billing statement for order,Invoice
report summary document pdf,GeneralDocument
payment receipt invoice 2024,Invoice
data analyst resume version 2,Resume
monthly invoice statement,Invoice
billing statement for order pdf,Invoice
customer billing invoice,Invoice
tax invoice pdf,Invoice
research paper document 2024,GeneralDocument
tax payment record,Finance
official letter document version 2,GeneralDocument
job application resume pdf,Resume
final tax payment record,Finance
payment receipt invoice,Invoice
annual financial summary version 2,Finance
important report summary document,GeneralDocument
final invoice for payment,Invoice
job application resume version 2,Resume
tax payment record version 2,Finance
profit and loss statement pdf,Finance
account balance report,Finance
graduate resume profile pdf,Resume
purchase invoice pdf,Invoice
important biology study notes,Study
artificial intelligence lecture notes,Study
data analyst resume pdf,Resume
order invoice details,Invoice
study guide document version 2,Study
important job application resume,Resume
computer science lecture notes version 2,Study
final student resume for internship,Resume
curriculum vitae for internship,Resume
expense report 2024,Finance
account balance report 2024,Finance
biology study notes pdf,Study
order invoice details version 2,Invoice
bank transaction report 2024,Finance
bank account statement 2024,Finance
important financial statement report,Finance
final professional resume document,Resume
curriculum vitae for internship version 2,Resume
final profit and loss statement,Finance
important order invoice details,Invoice
mathematics practice notes,Study
final professional resume document,Resume
software developer resume pdf,Resume
final technical documentation,GeneralDocument
tax invoice,Invoice
expense report 2024,Finance
important investment report,Finance
user manual document version 2,GeneralDocument
chemistry revision notes version 2,Study
resume for software engineer,Resume
computer science lecture notes 2024,Study
bank transaction report,Finance
user manual document,GeneralDocument
artificial intelligence lecture notes,Study
customer billing invoice pdf,Invoice
important web developer resume,Resume
purchase invoice 2024,Invoice
important financial statement report,Finance
important order invoice details,Invoice
final bank account statement,Finance
invoice for payment version 2,Invoice
final invoice for payment,Invoice
student resume for internship,Resume
important payment receipt invoice,Invoice
software developer resume 2024,Resume
important profit and loss statement,Finance
final bank transaction report,Finance
final tax invoice,Invoice
technical documentation pdf,GeneralDocument
important meeting notes document,GeneralDocument
technical documentation 2024,GeneralDocument
important payment receipt invoice,Invoice
service invoice version 2,Invoice
final monthly invoice statement,Invoice
tax invoice version 2,Invoice
monthly invoice statement,Invoice
important mathematics practice notes,Study
financial statement report pdf,Finance
company report document pdf,GeneralDocument
order invoice details 2024,Invoice
web developer resume version 2,Resume
order invoice details,Invoice
study guide document version 2,Study
meeting notes document 2024,GeneralDocument
final artificial intelligence lecture notes,Study
mathematics practice notes version 2,Study
artificial intelligence lecture notes pdf,Study
billing statement for order,Invoice
important purchase invoice,Invoice
financial statement report version 2,Finance
final order invoice details,Invoice
expense report version 2,Finance
service invoice pdf,Invoice
profit and loss statement,Finance
software developer resume,Resume
general information document 2024,GeneralDocument
research paper document pdf,GeneralDocument
annual financial summary,Finance
computer science lecture notes pdf,Study
service invoice 2024,Invoice
final personal CV document,Resume
payment receipt invoice version 2,Invoice
expense report pdf,Finance
payment receipt invoice 2024,Invoice
computer science lecture notes,Study
final bank account statement,Finance
purchase invoice pdf,Invoice
final resume for software engineer,Resume
final investment report,Finance
data analyst resume,Resume
important software developer resume,Resume
important company report document,GeneralDocument
important report summary document,GeneralDocument
important artificial intelligence lecture notes,Study
account balance report pdf,Finance
personal CV document version 2,Resume
invoice for payment version 2,Invoice
curriculum vitae for internship pdf,Resume
important technical documentation,GeneralDocument
professional resume document pdf,Resume
final order invoice details,Invoice
bank transaction report,Finance
service invoice 2024,Invoice
important physics class notes,Study
university assignment notes pdf,Study
report summary document version 2,GeneralDocument
important curriculum vitae for internship,Resume
important project documentation file,GeneralDocument
order invoice details version 2,Invoice
meeting notes document pdf,GeneralDocument
policy document file 2024,GeneralDocument
chemistry revision notes 2024,Study
expense report version 2,Finance
important billing statement for order,Invoice
mathematics practice notes 2024,Study
important bank account statement,Finance
web developer resume,Resume
monthly invoice statement pdf,Invoice
software developer resume,Resume
university assignment notes version 2,Study
important tax payment record,Finance
user manual document version 2,GeneralDocument
final computer science lecture notes,Study
tax payment record,Finance
important general information document,GeneralDocument
monthly invoice statement version 2,Invoice
official letter document 2024,GeneralDocument
final resume for software engineer,Resume
salary payment record version 2,Finance
financial statement report 2024,Finance
important payment receipt invoice,Invoice
meeting notes document,GeneralDocument
final policy document file,GeneralDocument
personal CV document pdf,Resume
bank account statement,Finance
customer billing invoice version 2,Invoice
physics class notes version 2,Study
important web developer resume,Resume
bank transaction report,Finance
company report document pdf,GeneralDocument
university assignment notes version 2,Study
final customer billing invoice,Invoice
final invoice for payment,Invoice
customer billing invoice 2024,Invoice
final curriculum vitae for internship,Resume
professional resume document 2024,Resume
company report document version 2,GeneralDocument
important company report document,GeneralDocument
billing statement for order pdf,Invoice
official letter document 2024,GeneralDocument
curriculum vitae for internship,Resume
final tax payment record,Finance
important mathematics practice notes,Study
general information document version 2,GeneralDocument
salary payment record pdf,Finance
research paper document version 2,GeneralDocument
purchase invoice,Invoice
user manual document 2024,GeneralDocument
biology study notes version 2,Study
job application resume,Resume
biology study notes 2024,Study
general information document 2024,GeneralDocument
curriculum vitae for internship 2024,Resume
research paper document,GeneralDocument
artificial intelligence lecture notes,Study
bank transaction report,Finance
personal CV document,Resume
final payment receipt invoice,Invoice
web developer resume 2024,Resume
expense report version 2,Finance
biology study notes,Study
financial statement report 2024,Finance
important order invoice details,Invoice
meeting notes document 2024,GeneralDocument
important tax payment record,Finance
account balance report version 2,Finance
graduate resume profile,Resume
computer science lecture notes 2024,Study
final customer billing invoice,Invoice
biology study notes 2024,Study
report summary document 2024,GeneralDocument
data structures study material,Study
important customer billing invoice,Invoice
study guide document 2024,Study
bank account statement,Finance
important meeting notes document,GeneralDocument
profit and loss statement pdf,Finance
physics class notes 2024,Study
job application resume version 2,Resume
final policy document file,GeneralDocument
important annual financial summary,Finance
curriculum vitae for internship pdf,Resume
bank account statement 2024,Finance
product purchase invoice 2024,Invoice
final product purchase invoice,Invoice
important financial statement report,Finance
project documentation file,GeneralDocument
lecture notes on machine learning,Study
general information document version 2,GeneralDocument
expense report 2024,Finance
profit and loss statement pdf,Finance
professional resume document version 2,Resume
order invoice details version 2,Invoice
data structures study material 2024,Study
important research paper document,GeneralDocument
important monthly invoice statement,Invoice
profit and loss statement pdf,Finance
final financial statement report,Finance
computer science lecture notes pdf,Study
important customer billing invoice,Invoice
computer science lecture notes pdf,Study
salary payment record,Finance
financial statement report version 2,Finance
chemistry revision notes 2024,Study
final service invoice,Invoice
tax invoice pdf,Invoice
student resume for internship pdf,Resume
tax payment record 2024,Finance
important account balance report,Finance
job application resume pdf,Resume
software developer resume pdf,Resume
final salary payment record,Finance
software developer resume version 2,Resume
graduate resume profile,Resume
technical documentation 2024,GeneralDocument
graduate resume profile,Resume
important account balance report,Finance
research paper document pdf,GeneralDocument
user manual document version 2,GeneralDocument
final company report document,GeneralDocument
financial statement report version 2,Finance
final purchase invoice,Invoice
university assignment notes 2024,Study
financial statement report version 2,Finance
company report document version 2,GeneralDocument
order invoice details,Invoice
final product purchase invoice,Invoice
bank account statement 2024,Finance
physics class notes pdf,Study
web developer resume pdf,Resume
important purchase invoice,Invoice
chemistry revision notes version 2,Study
job application resume,Resume
important computer science lecture notes,Study
final order invoice details,Invoice
computer science lecture notes,Study
artificial intelligence lecture notes 2024,Study
billing statement for order pdf,Invoice
bank account statement pdf,Finance
investment report version 2,Finance
study guide document version 2,Study
student resume for internship,Resume
important graduate resume profile,Resume
billing statement for order version 2,Invoice
resume for software engineer,Resume
account balance report version 2,Finance
important project documentation file,GeneralDocument
product purchase invoice pdf,Invoice
computer science lecture notes,Study
study guide document 2024,Study
service invoice 2024,Invoice
final computer science lecture notes,Study
important bank transaction report,Finance
important bank account statement,Finance
biology study notes pdf,Study
important payment receipt invoice,Invoice
important research paper document,GeneralDocument
final professional resume document,Resume
important graduate resume profile,Resume
important study guide document,Study
policy document file version 2,GeneralDocument
tax payment record version 2,Finance
student resume for internship pdf,Resume
final data analyst resume,Resume
final official letter document,GeneralDocument
lecture notes on machine learning,Study
product purchase invoice,Invoice
meeting notes document 2024,GeneralDocument
important research paper document,GeneralDocument
policy document file,GeneralDocument
physics class notes 2024,Study
personal CV document 2024,Resume
important expense report,Finance
data structures study material 2024,Study
web developer resume version 2,Resume
resume for software engineer,Resume
study guide document 2024,Study
tax payment record pdf,Finance
billing statement for order,Invoice
biology study notes,Study
final investment report,Finance
purchase invoice,Invoice
data structures study material 2024,Study
profit and loss statement version 2,Finance
technical documentation pdf,GeneralDocument
project documentation file,GeneralDocument
important billing statement for order,Invoice
professional resume document version 2,Resume
important chemistry revision notes,Study
final profit and loss statement,Finance
important customer billing invoice,Invoice
web developer resume version 2,Resume
important bank account statement,Finance
personal CV document version 2,Resume
curriculum vitae for internship 2024,Resume
technical documentation,GeneralDocument
important account balance report,Finance
important bank account statement,Finance
professional resume document 2024,Resume
final product purchase invoice,Invoice
important official letter document,GeneralDocument
software developer resume 2024,Resume
important general information document,GeneralDocument
purchase invoice pdf,Invoice
software developer resume 2024,Resume
profit and loss statement,Finance
official letter document,GeneralDocument
computer science lecture notes,Study
purchase invoice,Invoice
bank account statement pdf,Finance
important software developer resume,Resume
payment receipt invoice pdf,Invoice
bank account statement,Finance
study guide document 2024,Study
data analyst resume pdf,Resume
invoice for payment 2024,Invoice
customer billing invoice version 2,Invoice
software developer resume version 2,Resume
lecture notes on machine learning,Study
order invoice details pdf,Invoice
job application resume version 2,Resume
important job application resume,Resume
order invoice details 2024,Invoice
curriculum vitae for internship version 2,Resume
final resume for software engineer,Resume
final resume for software engineer,Resume
important university assignment notes,Study
product purchase invoice pdf,Invoice
final official letter document,GeneralDocument
tax payment record 2024,Finance
important computer science lecture notes,Study
resume for software engineer version 2,Resume
final investment report,Finance
expense report,Finance
software developer resume,Resume
study guide document pdf,Study
biology study notes 2024,Study
important customer billing invoice,Invoice
policy document file pdf,GeneralDocument
profit and loss statement pdf,Finance
graduate resume profile version 2,Resume
important bank account statement,Finance
final profit and loss statement,Finance
final web developer resume,Resume
final tax invoice,Invoice
university assignment notes,Study
account balance report version 2,Finance
bank account statement,Finance
graduate resume profile,Resume
important curriculum vitae for internship,Resume
product purchase invoice pdf,Invoice
physics class notes pdf,Study
meeting notes document,GeneralDocument
final study guide document,Study
salary payment record version 2,Finance
web developer resume,Resume
technical documentation 2024,GeneralDocument
customer billing invoice,Invoice
graduate resume profile version 2,Resume
mathematics practice notes pdf,Study
personal CV document pdf,Resume
professional resume document version 2,Resume
important profit and loss statement,Finance
final graduate resume profile,Resume
tax invoice,Invoice
expense report,Finance
chemistry revision notes,Study
annual financial summary 2024,Finance
salary payment record,Finance
personal CV document 2024,Resume
university assignment notes pdf,Study
invoice for payment 2024,Invoice
billing statement for order,Invoice
curriculum vitae for internship version 2,Resume
web developer resume 2024,Resume
bank transaction report 2024,Finance
important official letter document,GeneralDocument
university assignment notes,Study
important data structures study material,Study
tax invoice,Invoice
customer billing invoice 2024,Invoice
graduate resume profile pdf,Resume
important purchase invoice,Invoice
profit and loss statement 2024,Finance
report summary document,GeneralDocument
account balance report 2024,Finance
artificial intelligence lecture notes 2024,Study
final general information document,GeneralDocument
important annual financial summary,Finance
invoice for payment,Invoice
final profit and loss statement,Finance
final mathematics practice notes,Study
monthly invoice statement,Invoice
final project documentation file,GeneralDocument
important salary payment record,Finance
biology study notes pdf,Study
order invoice details version 2,Invoice
study guide document 2024,Study
data structures study material version 2,Study
monthly invoice statement 2024,Invoice
final purchase invoice,Invoice
final official letter document,GeneralDocument
financial statement report 2024,Finance
final billing statement for order,Invoice
important general information document,GeneralDocument
billing statement for order pdf,Invoice
financial statement report pdf,Finance
important mathematics practice notes,Study
study guide document,Study
software developer resume version 2,Resume
account balance report 2024,Finance
invoice for payment,Invoice
project documentation file version 2,GeneralDocument
company report document pdf,GeneralDocument
important tax payment record,Finance
bank transaction report version 2,Finance
personal CV document 2024,Resume
salary payment record version 2,Finance
final professional resume document,Resume
tax payment record pdf,Finance
policy document file,GeneralDocument
final bank account statement,Finance
final tax payment record,Finance
software developer resume version 2,Resume
official letter document,GeneralDocument
user manual document pdf,GeneralDocument
purchase invoice,Invoice
important artificial intelligence lecture notes,Study
important salary payment record,Finance
final monthly invoice statement,Invoice
final policy document file,GeneralDocument
financial statement report version 2,Finance
important payment receipt invoice,Invoice
important computer science lecture notes,Study
meeting notes document 2024,GeneralDocument
important student resume for internship,Resume
personal CV document,Resume
study guide document 2024,Study
important purchase invoice,Invoice
professional resume document 2024,Resume
important study guide document,Study
company report document version 2,GeneralDocument
annual financial summary pdf,Finance
data structures study material version 2,Study
profit and loss statement version 2,Finance
resume for software engineer pdf,Resume
software developer resume pdf,Resume
annual financial summary pdf,Finance
important software developer resume,Resume
policy document file,GeneralDocument
expense report pdf,Finance
expense report,Finance
final graduate resume profile,Resume
data analyst resume version 2,Resume
important customer billing invoice,Invoice
job application resume pdf,Resume
tax payment record version 2,Finance
profit and loss statement 2024,Finance
important study guide document,Study
final monthly invoice statement,Invoice
important report summary document,GeneralDocument
study guide document,Study
final account balance report,Finance
purchase invoice version 2,Invoice
final salary payment record,Finance
curriculum vitae for internship version 2,Resume
chemistry revision notes,Study
purchase invoice version 2,Invoice
meeting notes document version 2,GeneralDocument
important profit and loss statement,Finance
final software developer resume,Resume
bank account statement pdf,Finance
important annual financial summary,Finance
final computer science lecture notes,Study
final software developer resume,Resume
product purchase invoice,Invoice
important tax invoice,Invoice
general information document,GeneralDocument
invoice for payment version 2,Invoice
curriculum vitae for internship 2024,Resume
professional resume document version 2,Resume
final computer science lecture notes,Study
billing statement for order 2024,Invoice
important payment receipt invoice,Invoice
financial statement report version 2,Finance
final resume for software engineer,Resume
important meeting notes document,GeneralDocument
final biology study notes,Study
annual financial summary pdf,Finance
data structures study material version 2,Study
report summary document 2024,GeneralDocument
salary payment record,Finance
meeting notes document,GeneralDocument
user manual document version 2,GeneralDocument
customer billing invoice pdf,Invoice
final university assignment notes,Study
computer science lecture notes version 2,Study
study guide document version 2,Study
tax payment record pdf,Finance
important bank transaction report,Finance
order invoice details pdf,Invoice
account balance report pdf,Finance
data analyst resume pdf,Resume
final study guide document,Study
job application resume version 2,Resume
professional resume document 2024,Resume
company report document pdf,GeneralDocument
important web developer resume,Resume
biology study notes 2024,Study
official letter document version 2,GeneralDocument
web developer resume,Resume
customer billing invoice,Invoice
data analyst resume version 2,Resume
important lecture notes on machine learning,Study
lecture notes on machine learning pdf,Study
student resume for internship version 2,Resume
meeting notes document version 2,GeneralDocument
general information document 2024,GeneralDocument
resume for software engineer version 2,Resume
invoice for payment pdf,Invoice
final monthly invoice statement,Invoice
software developer resume,Resume
important mathematics practice notes,Study
tax invoice version 2,Invoice
important monthly invoice statement,Invoice
resume for software engineer,Resume
curriculum vitae for internship pdf,Resume
curriculum vitae for internship version 2,Resume
web developer resume pdf,Resume
chemistry revision notes version 2,Study
tax payment record version 2,Finance
final graduate resume profile,Resume
final web developer resume,Resume
profit and loss statement 2024,Finance
project documentation file pdf,GeneralDocument
final biology study notes,Study
biology study notes pdf,Study
important general information document,GeneralDocument
final mathematics practice notes,Study
physics class notes pdf,Study
official letter document version 2,GeneralDocument
final user manual document,GeneralDocument
software developer resume version 2,Resume
policy document file version 2,GeneralDocument
data structures study material pdf,Study
purchase invoice pdf,Invoice
important monthly invoice statement,Invoice
report summary document 2024,GeneralDocument
payment receipt invoice pdf,Invoice
software developer resume pdf,Resume
tax invoice 2024,Invoice
profit and loss statement pdf,Finance
curriculum vitae for internship 2024,Resume
final invoice for payment,Invoice
salary payment record 2024,Finance
project documentation file pdf,GeneralDocument
university assignment notes version 2,Study
purchase invoice,Invoice
computer science lecture notes,Study
official letter document pdf,GeneralDocument
meeting notes document version 2,GeneralDocument
annual financial summary 2024,Finance
final expense report,Finance
mathematics practice notes pdf,Study
important student resume for internship,Resume
important bank account statement,Finance
study guide document,Study
final company report document,GeneralDocument
computer science lecture notes pdf,Study
meeting notes document pdf,GeneralDocument
research paper document pdf,GeneralDocument
important service invoice,Invoice
billing statement for order version 2,Invoice
important user manual document,GeneralDocument
final computer science lecture notes,Study
graduate resume profile pdf,Resume
final product purchase invoice,Invoice
important report summary document,GeneralDocument
mathematics practice notes pdf,Study
physics class notes,Study
computer science lecture notes,Study
important technical documentation,GeneralDocument
final professional resume document,Resume
project documentation file 2024,GeneralDocument
salary payment record pdf,Finance
company report document version 2,GeneralDocument
expense report,Finance
financial statement report,Finance
general information document version 2,GeneralDocument
student resume for internship pdf,Resume
tax invoice,Invoice
tax invoice version 2,Invoice
important expense report,Finance
final software developer resume,Resume
order invoice details version 2,Invoice
final general information document,GeneralDocument
bank transaction report version 2,Finance
expense report pdf,Finance
student resume for internship 2024,Resume
computer science lecture notes,Study
final purchase invoice,Invoice
expense report,Finance
salary payment record,Finance
bank transaction report pdf,Finance
student resume for internship,Resume
student resume for internship 2024,Resume
web developer resume version 2,Resume
lecture notes on machine learning 2024,Study
artificial intelligence lecture notes pdf,Study
important company report document,GeneralDocument
resume for software engineer version 2,Resume
order invoice details pdf,Invoice
physics class notes 2024,Study
official letter document version 2,GeneralDocument
technical documentation 2024,GeneralDocument
important mathematics practice notes,Study
invoice for payment pdf,Invoice
financial statement report pdf,Finance
important official letter document,GeneralDocument
artificial intelligence lecture notes pdf,Study
important project documentation file,GeneralDocument
data analyst resume version 2,Resume
important professional resume document,Resume
final monthly invoice statement,Invoice
final university assignment notes,Study
invoice for payment,Invoice
data structures study material pdf,Study
bank account statement,Finance
data analyst resume,Resume
computer science lecture notes,Study
important physics class notes,Study
invoice for payment version 2,Invoice
important financial statement report,Finance
important curriculum vitae for internship,Resume
final chemistry revision notes,Study
research paper document,GeneralDocument
payment receipt invoice pdf,Invoice
official letter document version 2,GeneralDocument
lecture notes on machine learning version 2,Study
technical documentation version 2,GeneralDocument
technical documentation version 2,GeneralDocument
financial statement report version 2,Finance
payment receipt invoice version 2,Invoice
salary payment record pdf,Finance
customer billing invoice version 2,Invoice
web developer resume pdf,Resume
profit and loss statement pdf,Finance
customer billing invoice,Invoice
final service invoice,Invoice
final personal CV document,Resume
lecture notes on machine learning 2024,Study
official letter document,GeneralDocument
university assignment notes version 2,Study
meeting notes document,GeneralDocument
final study guide document,Study
final billing statement for order,Invoice
physics class notes pdf,Study
important policy document file,GeneralDocument
final purchase invoice,Invoice
account balance report 2024,Finance
tax invoice version 2,Invoice
final web developer resume,Resume
student resume for internship 2024,Resume
university assignment notes,Study
web developer resume,Resume
curriculum vitae for internship 2024,Resume
user manual document 2024,GeneralDocument
important physics class notes,Study
user manual document version 2,GeneralDocument
user manual document pdf,GeneralDocument
payment receipt invoice version 2,Invoice
meeting notes document,GeneralDocument
investment report version 2,Finance
artificial intelligence lecture notes,Study
order invoice details 2024,Invoice
final financial statement report,Finance
biology study notes,Study
purchase invoice 2024,Invoice
curriculum vitae for internship version 2,Resume
service invoice pdf,Invoice
important policy document file,GeneralDocument
company report document version 2,GeneralDocument
profit and loss statement pdf,Finance
important study guide document,Study
investment report version 2,Finance
annual financial summary version 2,Finance
resume for software engineer,Resume
final payment receipt invoice,Invoice
physics class notes pdf,Study
billing statement for order 2024,Invoice
study guide document pdf,Study
account balance report version 2,Finance
financial statement report,Finance
data analyst resume pdf,Resume
curriculum vitae for internship 2024,Resume
bank transaction report version 2,Finance
resume for software engineer,Resume
billing statement for order,Invoice
policy document file pdf,GeneralDocument
important curriculum vitae for internship,Resume
important official letter document,GeneralDocument
project documentation file pdf,GeneralDocument
student resume for internship pdf,Resume
important tax payment record,Finance
research paper document pdf,GeneralDocument
invoice for payment,Invoice
final salary payment record,Finance
bank transaction report version 2,Finance
data analyst resume 2024,Resume
profit and loss statement version 2,Finance
important general information document,GeneralDocument
final research paper document,GeneralDocument
important professional resume document,Resume
bank account statement 2024,Finance
bank account statement 2024,Finance
research paper document,GeneralDocument
research paper document,GeneralDocument
important tax payment record,Finance
meeting notes document,GeneralDocument
order invoice details 2024,Invoice
company report document pdf,GeneralDocument
final curriculum vitae for internship,Resume
final research paper document,GeneralDocument
annual financial summary version 2,Finance
billing statement for order version 2,Invoice
company report document pdf,GeneralDocument
final service invoice,Invoice
important computer science lecture notes,Study
final tax invoice,Invoice
company report document,GeneralDocument
annual financial summary,Finance
meeting notes document version 2,GeneralDocument
invoice for payment,Invoice
product purchase invoice pdf,Invoice
web developer resume 2024,Resume
important personal CV document,Resume
payment receipt invoice,Invoice
final expense report,Finance
final policy document file,GeneralDocument
final web developer resume,Resume
graduate resume profile 2024,Resume
order invoice details,Invoice
monthly invoice statement pdf,Invoice
bank account statement,Finance
project documentation file,GeneralDocument
final software developer resume,Resume
data analyst resume version 2,Resume
important monthly invoice statement,Invoice
general information document version 2,GeneralDocument
final study guide document,Study
final mathematics practice notes,Study
mathematics practice notes,Study
bank transaction report 2024,Finance
physics class notes version 2,Study
company report document 2024,GeneralDocument
order invoice details,Invoice
web developer resume pdf,Resume
final mathematics practice notes,Study
technical documentation 2024,GeneralDocument
important bank transaction report,Finance
project documentation file version 2,GeneralDocument
service invoice 2024,Invoice
project documentation file pdf,GeneralDocument
important lecture notes on machine learning,Study
financial statement report,Finance
university assignment notes,Study
final bank account statement,Finance
tax payment record pdf,Finance
product purchase invoice,Invoice
meeting notes document 2024,GeneralDocument
final biology study notes,Study
final job application resume,Resume
salary payment record 2024,Finance
mathematics practice notes version 2,Study
important service invoice,Invoice
important service invoice,Invoice
final lecture notes on machine learning,Study
lecture notes on machine learning pdf,Study
monthly invoice statement version 2,Invoice
important biology study notes,Study
personal CV document version 2,Resume
graduate resume profile 2024,Resume
artificial intelligence lecture notes,Study
billing statement for order version 2,Invoice
important invoice for payment,Invoice
policy document file,GeneralDocument
account balance report pdf,Finance
study guide document pdf,Study
final web developer resume,Resume
final technical documentation,GeneralDocument
important technical documentation,GeneralDocument
final tax payment record,Finance
important web developer resume,Resume
annual financial summary pdf,Finance
important bank account statement,Finance
important research paper document,GeneralDocument
important monthly invoice statement,Invoice
annual financial summary 2024,Finance
account balance report pdf,Finance
professional resume document,Resume
important tax payment record,Finance
student resume for internship 2024,Resume
final official letter document,GeneralDocument
policy document file version 2,GeneralDocument
expense report 2024,Finance
investment report,Finance
tax payment record 2024,Finance
order invoice details version 2,Invoice
graduate resume profile pdf,Resume
order invoice details pdf,Invoice
computer science lecture notes,Study
important user manual document,GeneralDocument
tax payment record version 2,Finance
study guide document,Study
payment receipt invoice,Invoice
important professional resume document,Resume
report summary document 2024,GeneralDocument
final payment receipt invoice,Invoice
final tax invoice,Invoice
important expense report,Finance
customer billing invoice version 2,Invoice
important web developer resume,Resume
professional resume document pdf,Resume
personal CV document version 2,Resume
final personal CV document,Resume
curriculum vitae for internship 2024,Resume
project documentation file,GeneralDocument
order invoice details version 2,Invoice
salary payment record version 2,Finance
account balance report,Finance
bank transaction report 2024,Finance
curriculum vitae for internship pdf,Resume
important purchase invoice,Invoice
billing statement for order pdf,Invoice
important research paper document,GeneralDocument
resume for software engineer pdf,Resume
important computer science lecture notes,Study
final customer billing invoice,Invoice
important investment report,Finance
policy document file,GeneralDocument
final technical documentation,GeneralDocument
personal CV document 2024,Resume
profit and loss statement,Finance
physics class notes 2024,Study
billing statement for order pdf,Invoice
important technical documentation,GeneralDocument
policy document file pdf,GeneralDocument
customer billing invoice,Invoice
student resume for internship 2024,Resume
curriculum vitae for internship pdf,Resume
important project documentation file,GeneralDocument
study guide document,Study
final web developer resume,Resume
job application resume,Resume
mathematics practice notes 2024,Study
project documentation file,GeneralDocument
important user manual document,GeneralDocument
bank transaction report version 2,Finance
job application resume version 2,Resume
final payment receipt invoice,Invoice
university assignment notes pdf,Study
billing statement for order 2024,Invoice
payment receipt invoice pdf,Invoice
final salary payment record,Finance
important financial statement report,Finance
mathematics practice notes version 2,Study
important biology study notes,Study
computer science lecture notes pdf,Study
final monthly invoice statement,Invoice
software developer resume 2024,Resume
account balance report pdf,Finance
invoice for payment,Invoice
technical documentation pdf,GeneralDocument
tax invoice,Invoice
final graduate resume profile,Resume
final biology study notes,Study
technical documentation version 2,GeneralDocument
service invoice version 2,Invoice
university assignment notes pdf,Study
tax payment record 2024,Finance
important tax payment record,Finance
graduate resume profile,Resume
bank transaction report version 2,Finance
order invoice details,Invoice
important meeting notes document,GeneralDocument
monthly invoice statement pdf,Invoice
web developer resume 2024,Resume
data structures study material pdf,Study
software developer resume pdf,Resume
job application resume,Resume
tax payment record pdf,Finance
important account balance report,Finance
final biology study notes,Study
final tax invoice,Invoice
important general information document,GeneralDocument
important data structures study material,Study
mathematics practice notes pdf,Study
data analyst resume pdf,Resume
research paper document 2024,GeneralDocument
final computer science lecture notes,Study
web developer resume pdf,Resume
bank account statement version 2,Finance
resume for software engineer 2024,Resume
payment receipt invoice 2024,Invoice
official letter document,GeneralDocument
final graduate resume profile,Resume
tax invoice pdf,Invoice
account balance report,Finance
report summary document,GeneralDocument
biology study notes 2024,Study
personal CV document,Resume
bank account statement,Finance
official letter document,GeneralDocument
lecture notes on machine learning pdf,Study
tax payment record pdf,Finance
biology study notes pdf,Study
order invoice details pdf,Invoice
professional resume document,Resume
physics class notes 2024,Study
service invoice version 2,Invoice
technical documentation 2024,GeneralDocument
lecture notes on machine learning 2024,Study
salary payment record pdf,Finance
financial statement report pdf,Finance
salary payment record version 2,Finance
profit and loss statement version 2,Finance
important personal CV document,Resume
chemistry revision notes pdf,Study
important bank transaction report,Finance
mathematics practice notes pdf,Study
important project documentation file,GeneralDocument
lecture notes on machine learning pdf,Study
data analyst resume version 2,Resume
data structures study material,Study
service invoice 2024,Invoice
important bank account statement,Finance
final financial statement report,Finance
university assignment notes,Study
curriculum vitae for internship version 2,Resume
important data analyst resume,Resume
final research paper document,GeneralDocument
annual financial summary,Finance
final mathematics practice notes,Study
important computer science lecture notes,Study
final tax invoice,Invoice
final mathematics practice notes,Study
final service invoice,Invoice
annual financial summary pdf,Finance
web developer resume version 2,Resume
customer billing invoice,Invoice
research paper document 2024,GeneralDocument
important purchase invoice,Invoice
annual financial summary version 2,Finance
account balance report version 2,Finance
important user manual document,GeneralDocument
final resume for software engineer,Resume
official letter document pdf,GeneralDocument
final account balance report,Finance
final project documentation file,GeneralDocument
order invoice details,Invoice
important mathematics practice notes,Study
chemistry revision notes 2024,Study
final mathematics practice notes,Study
important chemistry revision notes,Study
important annual financial summary,Finance
important student resume for internship,Resume
final account balance report,Finance
final resume for software engineer,Resume
final chemistry revision notes,Study
biology study notes version 2,Study
salary payment record pdf,Finance
web developer resume version 2,Resume
project documentation file pdf,GeneralDocument
invoice for payment,Invoice
study guide document 2024,Study
personal CV document pdf,Resume
expense report 2024,Finance
technical documentation 2024,GeneralDocument
lecture notes on machine learning pdf,Study
graduate resume profile version 2,Resume
meeting notes document 2024,GeneralDocument
important data structures study material,Study
data analyst resume version 2,Resume
physics class notes 2024,Study
order invoice details 2024,Invoice
policy document file pdf,GeneralDocument
university assignment notes pdf,Study
important technical documentation,GeneralDocument
final university assignment notes,Study
financial statement report 2024,Finance
final service invoice,Invoice
important project documentation file,GeneralDocument
graduate resume profile,Resume
final mathematics practice notes,Study
web developer resume version 2,Resume
important official letter document,GeneralDocument
technical documentation 2024,GeneralDocument
important data analyst resume,Resume
important annual financial summary,Finance
final customer billing invoice,Invoice
tax payment record version 2,Finance
customer billing invoice version 2,Invoice
report summary document version 2,GeneralDocument
important graduate resume profile,Resume
important financial statement report,Finance
important physics class notes,Study
important personal CV document,Resume
physics class notes version 2,Study
important profit and loss statement,Finance
order invoice details 2024,Invoice
data analyst resume version 2,Resume
important lecture notes on machine learning,Study
tax payment record,Finance
final product purchase invoice,Invoice
invoice for payment version 2,Invoice
biology study notes version 2,Study
final product purchase invoice,Invoice
financial statement report 2024,Finance
general information document version 2,GeneralDocument
data structures study material version 2,Study
computer science lecture notes version 2,Study
biology study notes version 2,Study
invoice for payment 2024,Invoice
important billing statement for order,Invoice
final resume for software engineer,Resume
job application resume,Resume
final financial statement report,Finance
final study guide document,Study
meeting notes document pdf,GeneralDocument
general information document pdf,GeneralDocument
important biology study notes,Study
important user manual document,GeneralDocument
web developer resume version 2,Resume
resume for software engineer version 2,Resume
final study guide document,Study
purchase invoice 2024,Invoice
important research paper document,GeneralDocument
final policy document file,GeneralDocument
chemistry revision notes pdf,Study
curriculum vitae for internship pdf,Resume
user manual document 2024,GeneralDocument
important study guide document,Study
important mathematics practice notes,Study
monthly invoice statement,Invoice
professional resume document 2024,Resume
tax invoice pdf,Invoice
final artificial intelligence lecture notes,Study
billing statement for order,Invoice
lecture notes on machine learning 2024,Study
payment receipt invoice 2024,Invoice
user manual document,GeneralDocument
important report summary document,GeneralDocument
billing statement for order 2024,Invoice
data structures study material version 2,Study
final financial statement report,Finance
important project documentation file,GeneralDocument
final physics class notes,Study
monthly invoice statement,Invoice
invoice for payment 2024,Invoice
salary payment record 2024,Finance
data analyst resume 2024,Resume
chemistry revision notes pdf,Study
official letter document,GeneralDocument
general information document 2024,GeneralDocument
important monthly invoice statement,Invoice
final research paper document,GeneralDocument
artificial intelligence lecture notes 2024,Study
policy document file version 2,GeneralDocument
important service invoice,Invoice
personal CV document,Resume
final curriculum vitae for internship,Resume
final report summary document,GeneralDocument
final project documentation file,GeneralDocument
software developer resume version 2,Resume
service invoice pdf,Invoice
tax invoice version 2,Invoice
meeting notes document pdf,GeneralDocument
university assignment notes version 2,Study
important artificial intelligence lecture notes,Study
invoice for payment 2024,Invoice
computer science lecture notes,Study
student resume for internship pdf,Resume
final professional resume document,Resume
software developer resume,Resume
chemistry revision notes version 2,Study
final product purchase invoice,Invoice
monthly invoice statement,Invoice
biology study notes 2024,Study
important product purchase invoice,Invoice
professional resume document version 2,Resume
project documentation file pdf,GeneralDocument
important salary payment record,Finance
final data analyst resume,Resume
final report summary document,GeneralDocument
final resume for software engineer,Resume
student resume for internship,Resume
final job application resume,Resume
important study guide document,Study
student resume for internship pdf,Resume
final billing statement for order,Invoice
artificial intelligence lecture notes 2024,Study
annual financial summary,Finance
final job application resume,Resume
user manual document pdf,GeneralDocument
final financial statement report,Finance
final report summary document,GeneralDocument
expense report,Finance
bank transaction report 2024,Finance
important lecture notes on machine learning,Study
lecture notes on machine learning 2024,Study
final account balance report,Finance
resume for software engineer,Resume
investment report 2024,Finance
final research paper document,GeneralDocument
important bank account statement,Finance
research paper document version 2,GeneralDocument
official letter document version 2,GeneralDocument
physics class notes pdf,Study
tax payment record version 2,Finance
investment report,Finance
meeting notes document pdf,GeneralDocument
company report document,GeneralDocument
data analyst resume pdf,Resume
invoice for payment version 2,Invoice
physics class notes,Study
mathematics practice notes,Study
investment report version 2,Finance
final bank account statement,Finance
official letter document version 2,GeneralDocument
final web developer resume,Resume
important resume for software engineer,Resume
chemistry revision notes pdf,Study
curriculum vitae for internship pdf,Resume
monthly invoice statement pdf,Invoice
final order invoice details,Invoice
final monthly invoice statement,Invoice
important tax payment record,Finance
chemistry revision notes 2024,Study
investment report version 2,Finance
final product purchase invoice,Invoice
profit and loss statement 2024,Finance
final software developer resume,Resume
software developer resume 2024,Resume
final web developer resume,Resume
graduate resume profile version 2,Resume
curriculum vitae for internship,Resume
important project documentation file,GeneralDocument
final general information document,GeneralDocument
tax payment record pdf,Finance
important purchase invoice,Invoice
final study guide document,Study
service invoice pdf,Invoice
tax payment record 2024,Finance
final bank transaction report,Finance
order invoice details pdf,Invoice
salary payment record,Finance
research paper document version 2,GeneralDocument
report summary document 2024,GeneralDocument
professional resume document pdf,Resume
invoice for payment pdf,Invoice
computer science lecture notes 2024,Study
university assignment notes,Study
important professional resume document,Resume
research paper document version 2,GeneralDocument
final computer science lecture notes,Study
university assignment notes pdf,Study
important lecture notes on machine learning,Study
final computer science lecture notes,Study
important data structures study material,Study
research paper document pdf,GeneralDocument
bank account statement,Finance
important purchase invoice,Invoice
study guide document pdf,Study
invoice for payment version 2,Invoice
important research paper document,GeneralDocument
meeting notes document pdf,GeneralDocument
project documentation file pdf,GeneralDocument
final research paper document,GeneralDocument
important salary payment record,Finance
user manual document pdf,GeneralDocument
lecture notes on machine learning 2024,Study
important tax invoice,Invoice
order invoice details pdf,Invoice
university assignment notes 2024,Study
lecture notes on machine learning 2024,Study
important tax payment record,Finance
job application resume version 2,Resume
monthly invoice statement,Invoice
purchase invoice,Invoice
final technical documentation,GeneralDocument
final curriculum vitae for internship,Resume
profit and loss statement pdf,Finance
chemistry revision notes version 2,Study
account balance report pdf,Finance
mathematics practice notes 2024,Study
salary payment record,Finance
tax invoice version 2,Invoice
professional resume document version 2,Resume
important study guide document,Study
bank account statement 2024,Finance
report summary document 2024,GeneralDocument
important purchase invoice,Invoice
bank transaction report 2024,Finance
student resume for internship 2024,Resume
salary payment record pdf,Finance
resume for software engineer 2024,Resume
resume for software engineer,Resume
monthly invoice statement pdf,Invoice
lecture notes on machine learning 2024,Study
meeting notes document pdf,GeneralDocument
policy document file version 2,GeneralDocument
final study guide document,Study
personal CV document,Resume
software developer resume 2024,Resume
service invoice pdf,Invoice
salary payment record,Finance
professional resume document 2024,Resume
service invoice version 2,Invoice
artificial intelligence lecture notes pdf,Study
bank transaction report pdf,Finance
mathematics practice notes,Study
final professional resume document,Resume
final physics class notes,Study
final customer billing invoice,Invoice
important biology study notes,Study
expense report,Finance
product purchase invoice 2024,Invoice
physics class notes pdf,Study
web developer resume,Resume
technical documentation pdf,GeneralDocument
final data structures study material,Study
study guide document version 2,Study
biology study notes version 2,Study
final data structures study material,Study
web developer resume pdf,Resume
project documentation file 2024,GeneralDocument
final resume for software engineer,Resume
general information document 2024,GeneralDocument
important study guide document,Study
invoice for payment,Invoice
data structures study material 2024,Study
data structures study material 2024,Study
final graduate resume profile,Resume
service invoice,Invoice
important biology study notes,Study
policy document file pdf,GeneralDocument
billing statement for order version 2,Invoice
final project documentation file,GeneralDocument
final policy document file,GeneralDocument
graduate resume profile pdf,Resume
policy document file,GeneralDocument
important salary payment record,Finance
final salary payment record,Finance
order invoice details pdf,Invoice
study guide document pdf,Study
final policy document file,GeneralDocument
annual financial summary pdf,Finance
monthly invoice statement pdf,Invoice
salary payment record,Finance
data structures study material 2024,Study
final tax invoice,Invoice
curriculum vitae for internship pdf,Resume
final bank account statement,Finance
important university assignment notes,Study
billing statement for order 2024,Invoice
final company report document,GeneralDocument
personal CV document,Resume
final purchase invoice,Invoice
service invoice 2024,Invoice
final policy document file,GeneralDocument
web developer resume,Resume
important project documentation file,GeneralDocument
technical documentation pdf,GeneralDocument
invoice for payment version 2,Invoice
curriculum vitae for internship,Resume
service invoice version 2,Invoice
professional resume document,Resume
final graduate resume profile,Resume
final profit and loss statement,Finance
curriculum vitae for internship 2024,Resume
final computer science lecture notes,Study
important lecture notes on machine learning,Study
important policy document file,GeneralDocument
final tax invoice,Invoice
important data analyst resume,Resume
data structures study material,Study
computer science lecture notes pdf,Study
monthly invoice statement,Invoice
final research paper document,GeneralDocument
lecture notes on machine learning 2024,Study
web developer resume,Resume
tax payment record,Finance
important professional resume document,Resume
final software developer resume,Resume
physics class notes,Study
student resume for internship 2024,Resume
policy document file,GeneralDocument
tax payment record version 2,Finance
service invoice pdf,Invoice
policy document file 2024,GeneralDocument
important student resume for internship,Resume
artificial intelligence lecture notes,Study
salary payment record,Finance
order invoice details pdf,Invoice
final payment receipt invoice,Invoice
important research paper document,GeneralDocument
final financial statement report,Finance
meeting notes document 2024,GeneralDocument
research paper document 2024,GeneralDocument
bank transaction report,Finance
final university assignment notes,Study
software developer resume 2024,Resume
curriculum vitae for internship pdf,Resume
expense report version 2,Finance
user manual document pdf,GeneralDocument
general information document 2024,GeneralDocument
payment receipt invoice version 2,Invoice
professional resume document,Resume
important research paper document,GeneralDocument
tax payment record 2024,Finance
final account balance report,Finance
final customer billing invoice,Invoice
order invoice details 2024,Invoice
order invoice details version 2,Invoice
project documentation file version 2,GeneralDocument
final meeting notes document,GeneralDocument
general information document pdf,GeneralDocument
bank account statement version 2,Finance
important user manual document,GeneralDocument
final mathematics practice notes,Study
important resume for software engineer,Resume
curriculum vitae for internship 2024,Resume
personal CV document pdf,Resume
user manual document version 2,GeneralDocument
final research paper document,GeneralDocument
invoice for payment pdf,Invoice
payment receipt invoice,Invoice
personal CV document version 2,Resume
important professional resume document,Resume
final data analyst resume,Resume
important meeting notes document,GeneralDocument
expense report 2024,Finance
annual financial summary version 2,Finance
resume for software engineer version 2,Resume
bank transaction report pdf,Finance
final university assignment notes,Study
final meeting notes document,GeneralDocument
final project documentation file,GeneralDocument
investment report pdf,Finance
university assignment notes version 2,Study
final company report document,GeneralDocument
technical documentation,GeneralDocument
important profit and loss statement,Finance
customer billing invoice,Invoice
university assignment notes version 2,Study
final project documentation file,GeneralDocument
important product purchase invoice,Invoice
important study guide document,Study
biology study notes,Study
final tax invoice,Invoice
investment report pdf,Finance
account balance report version 2,Finance
mathematics practice notes version 2,Study
study guide document version 2,Study
service invoice,Invoice
important student resume for internship,Resume
professional resume document,Resume
payment receipt invoice pdf,Invoice
invoice for payment version 2,Invoice
important user manual document,GeneralDocument
policy document file pdf,GeneralDocument
policy document file pdf,GeneralDocument
student resume for internship,Resume
graduate resume profile version 2,Resume
payment receipt invoice version 2,Invoice
biology study notes version 2,Study
tax invoice 2024,Invoice
bank transaction report pdf,Finance
important payment receipt invoice,Invoice
monthly invoice statement,Invoice
payment receipt invoice pdf,Invoice
order invoice details pdf,Invoice
financial statement report version 2,Finance
software developer resume 2024,Resume
monthly invoice statement 2024,Invoice
profit and loss statement pdf,Finance
final meeting notes document,GeneralDocument
invoice for payment,Invoice
purchase invoice version 2,Invoice
personal CV document 2024,Resume
payment receipt invoice,Invoice
software developer resume version 2,Resume
important research paper document,GeneralDocument
payment receipt invoice,Invoice
final customer billing invoice,Invoice
chemistry revision notes version 2,Study
web developer resume pdf,Resume
computer science lecture notes,Study
important expense report,Finance
important tax invoice,Invoice
physics class notes version 2,Study
final account balance report,Finance
important technical documentation,GeneralDocument
billing statement for order pdf,Invoice
company report document 2024,GeneralDocument
artificial intelligence lecture notes pdf,Study
project documentation file,GeneralDocument
payment receipt invoice pdf,Invoice
final company report document,GeneralDocument
billing statement for order 2024,Invoice
important purchase invoice,Invoice
project documentation file pdf,GeneralDocument
chemistry revision notes,Study
final purchase invoice,Invoice
final company report document,GeneralDocument
final payment receipt invoice,Invoice
university assignment notes 2024,Study
profit and loss statement 2024,Finance
profit and loss statement 2024,Finance
important artificial intelligence lecture notes,Study
general information document pdf,GeneralDocument
official letter document 2024,GeneralDocument
student resume for internship pdf,Resume
physics class notes pdf,Study
final payment receipt invoice,Invoice
physics class notes,Study
important web developer resume,Resume
graduate resume profile,Resume
payment receipt invoice 2024,Invoice
web developer resume version 2,Resume
financial statement report 2024,Finance
billing statement for order version 2,Invoice
customer billing invoice 2024,Invoice
lecture notes on machine learning version 2,Study
payment receipt invoice,Invoice
bank account statement pdf,Finance
annual financial summary 2024,Finance
final tax invoice,Invoice
web developer resume 2024,Resume
professional resume document 2024,Resume
student resume for internship version 2,Resume
service invoice pdf,Invoice
professional resume document pdf,Resume
policy document file,GeneralDocument
important billing statement for order,Invoice
policy document file version 2,GeneralDocument
job application resume pdf,Resume
student resume for internship 2024,Resume
investment report 2024,Finance
financial statement report,Finance
important project documentation file,GeneralDocument
final official letter document,GeneralDocument
important research paper document,GeneralDocument
expense report,Finance
final general information document,GeneralDocument
final policy document file,GeneralDocument
final personal CV document,Resume
important billing statement for order,Invoice
final web developer resume,Resume
important physics class notes,Study
important resume for software engineer,Resume
final company report document,GeneralDocument
final report summary document,GeneralDocument
salary payment record pdf,Finance
company report document version 2,GeneralDocument
chemistry revision notes,Study
important university assignment notes,Study
university assignment notes version 2,Study
research paper document version 2,GeneralDocument
invoice for payment pdf,Invoice
general information document 2024,GeneralDocument
personal CV document 2024,Resume
payment receipt invoice,Invoice
bank account statement 2024,Finance
tax payment record pdf,Finance
final company report document,GeneralDocument
financial statement report,Finance
data analyst resume,Resume
student resume for internship version 2,Resume
project documentation file pdf,GeneralDocument
order invoice details pdf,Invoice
important meeting notes document,GeneralDocument
product purchase invoice pdf,Invoice
technical documentation pdf,GeneralDocument
invoice for payment,Invoice
important artificial intelligence lecture notes,Study
biology study notes 2024,Study
final expense report,Finance
important customer billing invoice,Invoice
data structures study material pdf,Study
customer billing invoice,Invoice
profit and loss statement pdf,Finance
report summary document,GeneralDocument
tax invoice version 2,Invoice
investment report,Finance
important university assignment notes,Study
personal CV document pdf,Resume
financial statement report version 2,Finance
important general information document,GeneralDocument
mathematics practice notes pdf,Study
tax payment record,Finance
important official letter document,GeneralDocument
job application resume pdf,Resume
policy document file pdf,GeneralDocument
important financial statement report,Finance
tax invoice version 2,Invoice
technical documentation pdf,GeneralDocument
data analyst resume pdf,Resume
final research paper document,GeneralDocument
final customer billing invoice,Invoice
final service invoice,Invoice
final lecture notes on machine learning,Study
customer billing invoice,Invoice
web developer resume,Resume
mathematics practice notes 2024,Study
final meeting notes document,GeneralDocument
personal CV document 2024,Resume
important lecture notes on machine learning,Study
mathematics practice notes 2024,Study
purchase invoice,Invoice
graduate resume profile version 2,Resume
final computer science lecture notes,Study
important bank account statement,Finance
data analyst resume pdf,Resume
financial statement report version 2,Finance
physics class notes 2024,Study
research paper document version 2,GeneralDocument
web developer resume pdf,Resume
important professional resume document,Resume
purchase invoice pdf,Invoice
final lecture notes on machine learning,Study
study guide document version 2,Study
final tax invoice,Invoice
profit and loss statement version 2,Finance
important data analyst resume,Resume
important report summary document,GeneralDocument
important report summary document,GeneralDocument
job application resume,Resume
final profit and loss statement,Finance
important data structures study material,Study
final product purchase invoice,Invoice
final physics class notes,Study
bank transaction report version 2,Finance
product purchase invoice,Invoice
personal CV document,Resume
product purchase invoice 2024,Invoice
payment receipt invoice pdf,Invoice
report summary document 2024,GeneralDocument
final official letter document,GeneralDocument
official letter document version 2,GeneralDocument
order invoice details,Invoice
company report document pdf,GeneralDocument
mathematics practice notes 2024,Study
computer science lecture notes 2024,Study
data analyst resume 2024,Resume
biology study notes 2024,Study
project documentation file pdf,GeneralDocument
final policy document file,GeneralDocument
final purchase invoice,Invoice
physics class notes 2024,Study
student resume for internship version 2,Resume
final service invoice,Invoice
user manual document pdf,GeneralDocument
important user manual document,GeneralDocument
data structures study material 2024,Study
important profit and loss statement,Finance
payment receipt invoice pdf,Invoice
project documentation file 2024,GeneralDocument
lecture notes on machine learning 2024,Study
important annual financial summary,Finance
final purchase invoice,Invoice
technical documentation 2024,GeneralDocument
final resume for software engineer,Resume
monthly invoice statement 2024,Invoice
service invoice,Invoice
final company report document,GeneralDocument
important bank account statement,Finance
study guide document 2024,Study
bank account statement 2024,Finance
important billing statement for order,Invoice
important expense report,Finance
computer science lecture notes version 2,Study
final web developer resume,Resume
important company report document,GeneralDocument
important account balance report,Finance
final study guide document,Study
final biology study notes,Study
important data analyst resume,Resume
invoice for payment 2024,Invoice
important product purchase invoice,Invoice
data analyst resume pdf,Resume
final research paper document,GeneralDocument
professional resume document 2024,Resume
project documentation file pdf,GeneralDocument
final account balance report,Finance
chemistry revision notes version 2,Study
profit and loss statement version 2,Finance
final data analyst resume,Resume
personal CV document version 2,Resume
expense report pdf,Finance
important billing statement for order,Invoice
profit and loss statement pdf,Finance
final monthly invoice statement,Invoice
important billing statement for order,Invoice
bank transaction report pdf,Finance
customer billing invoice 2024,Invoice
important tax invoice,Invoice
important mathematics practice notes,Study
bank transaction report version 2,Finance
physics class notes pdf,Study
general information document version 2,GeneralDocument
resume for software engineer 2024,Resume
important data structures study material,Study
user manual document,GeneralDocument
important order invoice details,Invoice
computer science lecture notes pdf,Study
research paper document version 2,GeneralDocument
graduate resume profile pdf,Resume
official letter document 2024,GeneralDocument
lecture notes on machine learning,Study
billing statement for order pdf,Invoice
final report summary document,GeneralDocument
biology study notes,Study
expense report 2024,Finance
important annual financial summary,Finance
account balance report,Finance
software developer resume version 2,Resume
lecture notes on machine learning version 2,Study
final invoice for payment,Invoice
lecture notes on machine learning version 2,Study
physics class notes,Study
student resume for internship version 2,Resume
user manual document version 2,GeneralDocument
financial statement report pdf,Finance
data structures study material,Study
final job application resume,Resume
student resume for internship version 2,Resume
student resume for internship pdf,Resume
graduate resume profile 2024,Resume
final curriculum vitae for internship,Resume
resume for software engineer pdf,Resume
important expense report,Finance
bank account statement,Finance
final invoice for payment,Invoice
university assignment notes pdf,Study
official letter document 2024,GeneralDocument
software developer resume pdf,Resume
important company report document,GeneralDocument
official letter document,GeneralDocument
bank account statement pdf,Finance
service invoice version 2,Invoice
expense report 2024,Finance
web developer resume,Resume
investment report version 2,Finance
important biology study notes,Study
user manual document version 2,GeneralDocument
professional resume document pdf,Resume
final tax invoice,Invoice
personal CV document version 2,Resume
physics class notes 2024,Study
data analyst resume,Resume
personal CV document,Resume
financial statement report,Finance
physics class notes version 2,Study
project documentation file pdf,GeneralDocument
graduate resume profile version 2,Resume
research paper document version 2,GeneralDocument
bank account statement version 2,Finance
important billing statement for order,Invoice
project documentation file,GeneralDocument
biology study notes pdf,Study
important general information document,GeneralDocument
bank account statement version 2,Finance
financial statement report 2024,Finance
job application resume 2024,Resume
data analyst resume version 2,Resume
curriculum vitae for internship 2024,Resume
annual financial summary,Finance
final monthly invoice statement,Invoice
company report document version 2,GeneralDocument
important invoice for payment,Invoice
final professional resume document,Resume
data structures study material,Study
salary payment record,Finance
important tax payment record,Finance
user manual document pdf,GeneralDocument
final annual financial summary,Finance
final mathematics practice notes,Study
service invoice 2024,Invoice
policy document file,GeneralDocument
important professional resume document,Resume
final meeting notes document,GeneralDocument
important lecture notes on machine learning,Study
physics class notes,Study
important purchase invoice,Invoice
biology study notes version 2,Study
important resume for software engineer,Resume
final order invoice details,Invoice
resume for software engineer pdf,Resume
salary payment record 2024,Finance
web developer resume pdf,Resume
order invoice details,Invoice
service invoice pdf,Invoice
important university assignment notes,Study
final profit and loss statement,Finance
important service invoice,Invoice
user manual document 2024,GeneralDocument
artificial intelligence lecture notes version 2,Study
important investment report,Finance
data analyst resume,Resume
final account balance report,Finance
final payment receipt invoice,Invoice
payment receipt invoice 2024,Invoice
billing statement for order 2024,Invoice
tax payment record version 2,Finance
monthly invoice statement pdf,Invoice
software developer resume pdf,Resume
order invoice details version 2,Invoice
report summary document version 2,GeneralDocument
important data analyst resume,Resume
final billing statement for order,Invoice
important order invoice details,Invoice
professional resume document version 2,Resume
user manual document pdf,GeneralDocument
computer science lecture notes version 2,Study
service invoice version 2,Invoice
final graduate resume profile,Resume
chemistry revision notes 2024,Study
annual financial summary pdf,Finance
service invoice version 2,Invoice
final user manual document,GeneralDocument
product purchase invoice pdf,Invoice
final study guide document,Study
data structures study material,Study
physics class notes 2024,Study
bank account statement version 2,Finance
final service invoice,Invoice
web developer resume pdf,Resume
important study guide document,Study
resume for software engineer 2024,Resume
user manual document version 2,GeneralDocument
computer science lecture notes,Study
artificial intelligence lecture notes pdf,Study
final account balance report,Finance
important artificial intelligence lecture notes,Study
resume for software engineer pdf,Resume
important investment report,Finance
company report document,GeneralDocument
annual financial summary pdf,Finance
final technical documentation,GeneralDocument
final company report document,GeneralDocument
final customer billing invoice,Invoice
tax payment record,Finance
customer billing invoice pdf,Invoice
tax payment record,Finance
final job application resume,Resume
important research paper document,GeneralDocument
final software developer resume,Resume
job application resume version 2,Resume
artificial intelligence lecture notes,Study
policy document file pdf,GeneralDocument
final billing statement for order,Invoice
profit and loss statement,Finance
final customer billing invoice,Invoice
university assignment notes version 2,Study
biology study notes 2024,Study
important payment receipt invoice,Invoice
report summary document pdf,GeneralDocument
student resume for internship,Resume
monthly invoice statement,Invoice
final chemistry revision notes,Study
profit and loss statement pdf,Finance
web developer resume,Resume
important chemistry revision notes,Study
final account balance report,Finance
personal CV document version 2,Resume
final billing statement for order,Invoice
final lecture notes on machine learning,Study
final official letter document,GeneralDocument
resume for software engineer 2024,Resume
software developer resume 2024,Resume
service invoice pdf,Invoice
research paper document 2024,GeneralDocument
project documentation file 2024,GeneralDocument
important bank account statement,Finance
billing statement for order pdf,Invoice
policy document file pdf,GeneralDocument
meeting notes document pdf,GeneralDocument
bank transaction report version 2,Finance
university assignment notes,Study
customer billing invoice version 2,Invoice
important purchase invoice,Invoice
invoice for payment version 2,Invoice
technical documentation version 2,GeneralDocument
report summary document 2024,GeneralDocument
important financial statement report,Finance
final product purchase invoice,Invoice
account balance report version 2,Finance
university assignment notes,Study
technical documentation version 2,GeneralDocument
physics class notes 2024,Study
important payment receipt invoice,Invoice
important artificial intelligence lecture notes,Study
report summary document version 2,GeneralDocument
billing statement for order pdf,Invoice
general information document version 2,GeneralDocument
final computer science lecture notes,Study
final billing statement for order,Invoice
mathematics practice notes,Study
bank account statement 2024,Finance
physics class notes version 2,Study
financial statement report pdf,Finance
user manual document pdf,GeneralDocument
professional resume document,Resume
professional resume document,Resume
curriculum vitae for internship,Resume
important purchase invoice,Invoice
official letter document 2024,GeneralDocument
payment receipt invoice,Invoice
final data analyst resume,Resume
product purchase invoice pdf,Invoice
bank transaction report 2024,Finance
final service invoice,Invoice
bank account statement 2024,Finance
investment report pdf,Finance
important policy document file,GeneralDocument
technical documentation pdf,GeneralDocument
salary payment record,Finance
student resume for internship version 2,Resume
student resume for internship version 2,Resume
customer billing invoice version 2,Invoice
tax invoice,Invoice
curriculum vitae for internship,Resume
important study guide document,Study
chemistry revision notes 2024,Study
research paper document,GeneralDocument
final research paper document,GeneralDocument
final project documentation file,GeneralDocument
data analyst resume pdf,Resume
chemistry revision notes version 2,Study
data structures study material 2024,Study
final bank account statement,Finance
meeting notes document version 2,GeneralDocument
meeting notes document,GeneralDocument
tax invoice pdf,Invoice
lecture notes on machine learning,Study
job application resume 2024,Resume
professional resume document 2024,Resume
final official letter document,GeneralDocument
university assignment notes version 2,Study
data analyst resume version 2,Resume
customer billing invoice,Invoice
student resume for internship,Resume
policy document file pdf,GeneralDocument
general information document pdf,GeneralDocument
policy document file version 2,GeneralDocument
important personal CV document,Resume
final expense report,Finance
final profit and loss statement,Finance
general information document version 2,GeneralDocument
annual financial summary version 2,Finance
final software developer resume,Resume
important report summary document,GeneralDocument
payment receipt invoice 2024,Invoice
product purchase invoice pdf,Invoice
user manual document,GeneralDocument
web developer resume,Resume
physics class notes,Study
biology study notes version 2,Study
invoice for payment,Invoice
important official letter document,GeneralDocument
professional resume document version 2,Resume
final financial statement report,Finance
research paper document version 2,GeneralDocument
university assignment notes,Study
order invoice details pdf,Invoice
important customer billing invoice,Invoice
billing statement for order 2024,Invoice
research paper document pdf,GeneralDocument
university assignment notes pdf,Study
data analyst resume 2024,Resume
resume for software engineer pdf,Resume
final artificial intelligence lecture notes,Study
final expense report,Finance
expense report version 2,Finance
product purchase invoice pdf,Invoice
investment report,Finance
account balance report pdf,Finance
biology study notes version 2,Study
physics class notes version 2,Study
final company report document,GeneralDocument
professional resume document,Resume
chemistry revision notes pdf,Study
salary payment record version 2,Finance
meeting notes document version 2,GeneralDocument
data structures study material pdf,Study
order invoice details version 2,Invoice
software developer resume 2024,Resume
policy document file,GeneralDocument
tax payment record,Finance
final policy document file,GeneralDocument
biology study notes 2024,Study
customer billing invoice pdf,Invoice
account balance report version 2,Finance
final graduate resume profile,Resume
research paper document 2024,GeneralDocument
important payment receipt invoice,Invoice
university assignment notes version 2,Study
artificial intelligence lecture notes pdf,Study
final profit and loss statement,Finance
web developer resume,Resume
tax payment record pdf,Finance
data analyst resume pdf,Resume
final official letter document,GeneralDocument
final official letter document,GeneralDocument
lecture notes on machine learning,Study
final general information document,GeneralDocument
graduate resume profile pdf,Resume
tax payment record 2024,Finance
billing statement for order,Invoice
web developer resume version 2,Resume
monthly invoice statement pdf,Invoice
important invoice for payment,Invoice
company report document 2024,GeneralDocument
biology study notes version 2,Study
physics class notes 2024,Study
important report summary document,GeneralDocument
report summary document 2024,GeneralDocument
important graduate resume profile,Resume
important research paper document,GeneralDocument
university assignment notes pdf,Study
important salary payment record,Finance
curriculum vitae for internship version 2,Resume
important company report document,GeneralDocument
important user manual document,GeneralDocument
tax payment record version 2,Finance
order invoice details 2024,Invoice
personal CV document version 2,Resume
study guide document pdf,Study
service invoice version 2,Invoice
final user manual document,GeneralDocument
important expense report,Finance
billing statement for order pdf,Invoice
important policy document file,GeneralDocument
important official letter document,GeneralDocument
important policy document file,GeneralDocument
tax payment record,Finance
financial statement report version 2,Finance
professional resume document version 2,Resume
tax payment record,Finance
profit and loss statement 2024,Finance
curriculum vitae for internship pdf,Resume
data analyst resume version 2,Resume
report summary document version 2,GeneralDocument
monthly invoice statement 2024,Invoice
final payment receipt invoice,Invoice
profit and loss statement version 2,Finance
artificial intelligence lecture notes version 2,Study
important order invoice details,Invoice
important profit and loss statement,Finance
final financial statement report,Finance
account balance report pdf,Finance
final account balance report,Finance
computer science lecture notes,Study
important salary payment record,Finance
artificial intelligence lecture notes 2024,Study
final report summary document,GeneralDocument
important order invoice details,Invoice
professional resume document 2024,Resume
important account balance report,Finance
important mathematics practice notes,Study
investment report,Finance
project documentation file version 2,GeneralDocument
final student resume for internship,Resume
payment receipt invoice version 2,Invoice
important job application resume,Resume
financial statement report 2024,Finance
product purchase invoice version 2,Invoice
important software developer resume,Resume
tax invoice 2024,Invoice
final data structures study material,Study
final service invoice,Invoice
mathematics practice notes,Study
account balance report version 2,Finance
data structures study material 2024,Study
final software developer resume,Resume
policy document file,GeneralDocument
important personal CV document,Resume
web developer resume version 2,Resume
company report document version 2,GeneralDocument
tax payment record version 2,Finance
service invoice 2024,Invoice
official letter document pdf,GeneralDocument
important graduate resume profile,Resume
final web developer resume,Resume
curriculum vitae for internship pdf,Resume
meeting notes document version 2,GeneralDocument
professional resume document,Resume
artificial intelligence lecture notes,Study
important product purchase invoice,Invoice
profit and loss statement 2024,Finance
final graduate resume profile,Resume
final financial statement report,Finance
account balance report,Finance
final data structures study material,Study
physics class notes version 2,Study
important university assignment notes,Study
bank account statement pdf,Finance
bank transaction report pdf,Finance
important policy document file,GeneralDocument
invoice for payment 2024,Invoice
final personal CV document,Resume
important study guide document,Study
university assignment notes pdf,Study
tax invoice 2024,Invoice
important payment receipt invoice,Invoice
final job application resume,Resume
service invoice version 2,Invoice
bank account statement version 2,Finance
final software developer resume,Resume
final physics class notes,Study
product purchase invoice,Invoice
professional resume document 2024,Resume
service invoice,Invoice
final resume for software engineer,Resume
monthly invoice statement 2024,Invoice
tax payment record,Finance
important biology study notes,Study
artificial intelligence lecture notes pdf,Study
research paper document 2024,GeneralDocument
final lecture notes on machine learning,Study
software developer resume version 2,Resume
final policy document file,GeneralDocument
bank transaction report,Finance
general information document version 2,GeneralDocument
important account balance report,Finance
important tax invoice,Invoice
study guide document 2024,Study
final university assignment notes,Study
important mathematics practice notes,Study
user manual document pdf,GeneralDocument
bank account statement 2024,Finance
final payment receipt invoice,Invoice
software developer resume version 2,Resume
lecture notes on machine learning version 2,Study
report summary document pdf,GeneralDocument
important personal CV document,Resume
final data analyst resume,Resume
important customer billing invoice,Invoice
important customer billing invoice,Invoice
final profit and loss statement,Finance
study guide document 2024,Study
physics class notes version 2,Study
bank account statement version 2,Finance
important report summary document,GeneralDocument
web developer resume 2024,Resume
data analyst resume,Resume
important study guide document,Study
invoice for payment pdf,Invoice
important expense report,Finance
final physics class notes,Study
technical documentation pdf,GeneralDocument
annual financial summary,Finance
account balance report pdf,Finance
final professional resume document,Resume
biology study notes pdf,Study
billing statement for order version 2,Invoice
annual financial summary,Finance
technical documentation pdf,GeneralDocument
official letter document,GeneralDocument
technical documentation 2024,GeneralDocument
tax invoice,Invoice
user manual document version 2,GeneralDocument
bank account statement,Finance
bank transaction report,Finance
monthly invoice statement version 2,Invoice
important lecture notes on machine learning,Study
chemistry revision notes,Study
final report summary document,GeneralDocument
web developer resume 2024,Resume
expense report pdf,Finance
policy document file,GeneralDocument
final web developer resume,Resume
account balance report,Finance
important billing statement for order,Invoice
expense report,Finance
user manual document,GeneralDocument
salary payment record version 2,Finance
final chemistry revision notes,Study
curriculum vitae for internship version 2,Resume
final computer science lecture notes,Study
final user manual document,GeneralDocument
chemistry revision notes version 2,Study
order invoice details,Invoice
product purchase invoice version 2,Invoice
technical documentation pdf,GeneralDocument
chemistry revision notes version 2,Study
investment report,Finance
important university assignment notes,Study
final official letter document,GeneralDocument
invoice for payment 2024,Invoice
general information document pdf,GeneralDocument
expense report version 2,Finance
purchase invoice,Invoice
account balance report 2024,Finance
biology study notes pdf,Study
important job application resume,Resume
mathematics practice notes 2024,Study
meeting notes document 2024,GeneralDocument
important purchase invoice,Invoice
technical documentation,GeneralDocument
data analyst resume version 2,Resume
monthly invoice statement version 2,Invoice
project documentation file,GeneralDocument
expense report pdf,Finance
important study guide document,Study
physics class notes 2024,Study
salary payment record pdf,Finance
user manual document,GeneralDocument
important web developer resume,Resume
final official letter document,GeneralDocument
tax invoice pdf,Invoice
final chemistry revision notes,Study
final lecture notes on machine learning,Study
important bank transaction report,Finance
important professional resume document,Resume
important lecture notes on machine learning,Study
final technical documentation,GeneralDocument
customer billing invoice version 2,Invoice
important official letter document,GeneralDocument
monthly invoice statement 2024,Invoice
important technical documentation,GeneralDocument
meeting notes document version 2,GeneralDocument
important user manual document,GeneralDocument
general information document version 2,GeneralDocument
order invoice details,Invoice
final chemistry revision notes,Study
personal CV document 2024,Resume
artificial intelligence lecture notes version 2,Study
important job application resume,Resume
physics class notes 2024,Study
report summary document version 2,GeneralDocument
bank account statement version 2,Finance
data structures study material version 2,Study
service invoice,Invoice
final graduate resume profile,Resume
physics class notes pdf,Study
important curriculum vitae for internship,Resume
chemistry revision notes 2024,Study
lecture notes on machine learning pdf,Study
project documentation file 2024,GeneralDocument
annual financial summary version 2,Finance
investment report 2024,Finance
important project documentation file,GeneralDocument
project documentation file pdf,GeneralDocument
project documentation file version 2,GeneralDocument
personal CV document version 2,Resume
university assignment notes version 2,Study
important study guide document,Study
salary payment record pdf,Finance
curriculum vitae for internship 2024,Resume
tax payment record pdf,Finance
chemistry revision notes pdf,Study
biology study notes version 2,Study
annual financial summary 2024,Finance
data structures study material pdf,Study
technical documentation 2024,GeneralDocument
investment report,Finance
final biology study notes,Study
project documentation file 2024,GeneralDocument
important payment receipt invoice,Invoice
important profit and loss statement,Finance
web developer resume pdf,Resume
student resume for internship version 2,Resume
final investment report,Finance
university assignment notes,Study
resume for software engineer,Resume
final investment report,Finance
expense report,Finance
study guide document 2024,Study
important lecture notes on machine learning,Study
final official letter document,GeneralDocument
important salary payment record,Finance
billing statement for order pdf,Invoice
lecture notes on machine learning 2024,Study
chemistry revision notes pdf,Study
important billing statement for order,Invoice
study guide document version 2,Study
final data analyst resume,Resume
important chemistry revision notes,Study
job application resume pdf,Resume
final profit and loss statement,Finance
important professional resume document,Resume
official letter document,GeneralDocument
computer science lecture notes 2024,Study
final meeting notes document,GeneralDocument
annual financial summary,Finance
product purchase invoice 2024,Invoice
account balance report version 2,Finance
billing statement for order pdf,Invoice
account balance report pdf,Finance
final curriculum vitae for internship,Resume
purchase invoice pdf,Invoice
investment report pdf,Finance
monthly invoice statement,Invoice
important software developer resume,Resume
report summary document,GeneralDocument
important curriculum vitae for internship,Resume
final billing statement for order,Invoice
report summary document,GeneralDocument
important lecture notes on machine learning,Study
bank account statement version 2,Finance
technical documentation version 2,GeneralDocument
technical documentation 2024,GeneralDocument
web developer resume version 2,Resume
salary payment record,Finance
final financial statement report,Finance
final personal CV document,Resume
general information document,GeneralDocument
profit and loss statement 2024,Finance
tax invoice 2024,Invoice
final biology study notes,Study
tax payment record 2024,Finance
lecture notes on machine learning,Study
important chemistry revision notes,Study
graduate resume profile 2024,Resume
important invoice for payment,Invoice
web developer resume 2024,Resume
software developer resume,Resume
technical documentation pdf,GeneralDocument
professional resume document pdf,Resume
tax invoice pdf,Invoice
final biology study notes,Study
product purchase invoice pdf,Invoice
study guide document 2024,Study
final graduate resume profile,Resume
final policy document file,GeneralDocument
tax payment record version 2,Finance
personal CV document version 2,Resume
tax payment record version 2,Finance
final expense report,Finance
user manual document 2024,GeneralDocument
project documentation file,GeneralDocument
student resume for internship version 2,Resume
final general information document,GeneralDocument
tax payment record,Finance
job application resume pdf,Resume
study guide document 2024,Study
expense report,Finance
billing statement for order version 2,Invoice
payment receipt invoice version 2,Invoice
final research paper document,GeneralDocument
resume for software engineer version 2,Resume
general information document 2024,GeneralDocument
bank account statement pdf,Finance
research paper document 2024,GeneralDocument
artificial intelligence lecture notes 2024,Study
bank account statement pdf,Finance
final user manual document,GeneralDocument
annual financial summary 2024,Finance
investment report version 2,Finance
data analyst resume,Resume
biology study notes 2024,Study
meeting notes document version 2,GeneralDocument
final company report document,GeneralDocument
professional resume document pdf,Resume
important web developer resume,Resume
tax invoice,Invoice
important resume for software engineer,Resume
tax invoice pdf,Invoice
service invoice version 2,Invoice
physics class notes 2024,Study
invoice for payment pdf,Invoice
project documentation file version 2,GeneralDocument
final mathematics practice notes,Study
important lecture notes on machine learning,Study
data analyst resume pdf,Resume
company report document 2024,GeneralDocument
important company report document,GeneralDocument
data structures study material pdf,Study
expense report pdf,Finance
research paper document pdf,GeneralDocument
important lecture notes on machine learning,Study
product purchase invoice version 2,Invoice
personal CV document 2024,Resume
tax invoice,Invoice
official letter document 2024,GeneralDocument
important official letter document,GeneralDocument
expense report 2024,Finance
university assignment notes,Study
service invoice version 2,Invoice
salary payment record,Finance
student resume for internship pdf,Resume
profit and loss statement,Finance
meeting notes document 2024,GeneralDocument
job application resume version 2,Resume
resume for software engineer,Resume
physics class notes version 2,Study
billing statement for order pdf,Invoice
student resume for internship,Resume
tax invoice pdf,Invoice
final purchase invoice,Invoice
important general information document,GeneralDocument
important financial statement report,Finance
graduate resume profile version 2,Resume
lecture notes on machine learning version 2,Study
customer billing invoice,Invoice
project documentation file version 2,GeneralDocument
research paper document pdf,GeneralDocument
account balance report 2024,Finance
mathematics practice notes pdf,Study
important service invoice,Invoice
important technical documentation,GeneralDocument
important mathematics practice notes,Study
general information document pdf,GeneralDocument
important curriculum vitae for internship,Resume
bank transaction report version 2,Finance
university assignment notes pdf,Study
important profit and loss statement,Finance
professional resume document 2024,Resume
university assignment notes,Study
final research paper document,GeneralDocument
personal CV document,Resume
purchase invoice,Invoice
computer science lecture notes 2024,Study
purchase invoice 2024,Invoice
financial statement report pdf,Finance
salary payment record version 2,Finance
final user manual document,GeneralDocument
user manual document 2024,GeneralDocument
important graduate resume profile,Resume
account balance report,Finance
artificial intelligence lecture notes,Study
final project documentation file,GeneralDocument
billing statement for order,Invoice
final bank account statement,Finance
important purchase invoice,Invoice
account balance report,Finance
tax invoice,Invoice
graduate resume profile version 2,Resume
study guide document pdf,Study
expense report 2024,Finance
lecture notes on machine learning pdf,Study
final company report document,GeneralDocument
payment receipt invoice pdf,Invoice
tax invoice version 2,Invoice
final user manual document,GeneralDocument
important policy document file,GeneralDocument
important web developer resume,Resume
report summary document 2024,GeneralDocument
physics class notes pdf,Study
invoice for payment pdf,Invoice
biology study notes version 2,Study
bank account statement,Finance
personal CV document 2024,Resume
research paper document pdf,GeneralDocument
project documentation file pdf,GeneralDocument
final product purchase invoice,Invoice
important physics class notes,Study
expense report pdf,Finance
service invoice version 2,Invoice
tax invoice pdf,Invoice
investment report pdf,Finance
payment receipt invoice,Invoice
important invoice for payment,Invoice
user manual document,GeneralDocument
expense report 2024,Finance
report summary document version 2,GeneralDocument
final data structures study material,Study
profit and loss statement version 2,Finance
payment receipt invoice pdf,Invoice
important tax invoice,Invoice
tax invoice 2024,Invoice
resume for software engineer 2024,Resume
final monthly invoice statement,Invoice
important personal CV document,Resume
artificial intelligence lecture notes pdf,Study
final data structures study material,Study
final technical documentation,GeneralDocument
salary payment record,Finance
monthly invoice statement pdf,Invoice
data structures study material version 2,Study
software developer resume pdf,Resume
purchase invoice version 2,Invoice
professional resume document version 2,Resume
final annual financial summary,Finance
important computer science lecture notes,Study
data analyst resume pdf,Resume
final project documentation file,GeneralDocument
payment receipt invoice 2024,Invoice
official letter document,GeneralDocument
final purchase invoice,Invoice
policy document file pdf,GeneralDocument
salary payment record 2024,Finance
tax invoice pdf,Invoice
policy document file,GeneralDocument
important purchase invoice,Invoice
project documentation file pdf,GeneralDocument
personal CV document version 2,Resume
invoice for payment pdf,Invoice
bank account statement 2024,Finance
monthly invoice statement pdf,Invoice
final general information document,GeneralDocument
graduate resume profile,Resume
important data structures study material,Study
tax invoice version 2,Invoice
important user manual document,GeneralDocument
graduate resume profile version 2,Resume
customer billing invoice 2024,Invoice
purchase invoice version 2,Invoice
research paper document 2024,GeneralDocument
final technical documentation,GeneralDocument
graduate resume profile 2024,Resume
pan card document,GeneralDocument
aadhar card document,GeneralDocument
voter id document,GeneralDocument
passport document,GeneralDocument
doctor's prescription document,GeneralDocument
bank statement document,GeneralDocument
tax return document,GeneralDocument
insurance policy document,GeneralDocument
rental agreement document,GeneralDocument
employment contract document,GeneralDocument
academic transcript document,GeneralDocument
medical report document,GeneralDocument
utility bill document,GeneralDocument
credit card statement document,GeneralDocument
vehicle registration document,GeneralDocument
property deed document,GeneralDocument
court order document,GeneralDocument
warranty document,GeneralDocument
user manual document,GeneralDocument
general information document,GeneralDocument
pan card income tax department,Personal
driving licence transport department,Personal
passport republic of india,Personal
voter id election commission,Personal
aadhaar card unique identification authority of india,Personal
government of india aadhaar card,Personal
aadhaar dob address uidai,Personal
unique identification authority uidai,Personal
aadhaar identity proof,Personal
